{"education": {"Some-college": {"precision": 0.7384615384615385, "recall": 0.51985559566787, "fbeta": 0.6101694915254238, "sample": 1485}, "HS-grad": {"precision": 0.8571428571428571, "recall": 0.2956521739130435, "fbeta": 0.43965517241379315, "sample": 2085}, "Bachelors": {"precision": 0.7635574837310195, "recall": 0.7822222222222223, "fbeta": 0.7727771679473108, "sample": 1053}, "Masters": {"precision": 0.8202764976958525, "recall": 0.8599033816425121, "fbeta": 0.8396226415094339, "sample": 369}, "Assoc-acdm": {"precision": 0.7567567567567568, "recall": 0.5957446808510638, "fbeta": 0.6666666666666666, "sample": 198}, "7th-8th": {"precision": 1.0, "recall": 0.0, "fbeta": 0.0, "sample": 141}, "11th": {"precision": 1.0, "recall": 0.2727272727272727, "fbeta": 0.42857142857142855, "sample": 225}, "Assoc-voc": {"precision": 0.6923076923076923, "recall": 0.5714285714285714, "fbeta": 0.6260869565217392, "sample": 273}, "Prof-school": {"precision": 0.8461538461538461, "recall": 0.9166666666666666, "fbeta": 0.8799999999999999, "sample": 116}, "9th": {"precision": 1.0, "recall": 0.3333333333333333, "fbeta": 0.5, "sample": 115}, "5th-6th": {"precision": 1.0, "recall": 0.5, "fbeta": 0.6666666666666666, "sample": 62}, "10th": {"precision": 0.5, "recall": 0.08333333333333333, "fbeta": 0.14285714285714285, "sample": 183}, "Doctorate": {"precision": 0.8548387096774194, "recall": 0.9298245614035088, "fbeta": 0.8907563025210085, "sample": 77}, "12th": {"precision": 1.0, "recall": 0.4, "fbeta": 0.5714285714285715, "sample": 98}, "1st-4th": {"precision": 1.0, "recall": 1.0, "fbeta": 1.0, "sample": 23}, "Preschool": {"precision": 1.0, "recall": 1.0, "fbeta": 1.0, "sample": 10}}}